<?xml version="1.0" encoding="UTF-8"?><ValueSet xmlns="http://hl7.org/fhir"><id value="MinEndpointConnectionTypeVS"/><text><status value="extensions"/><div xmlns="http://www.w3.org/1999/xhtml"><p>This value set includes codes based on the following rules:</p><ul><li>Include these codes as defined in <a href="http://terminology.hl7.org/3.1.0/CodeSystem-endpoint-connection-type.html"><code>http://terminology.hl7.org/CodeSystem/endpoint-connection-type</code></a><table class="none"><tr><td style="white-space:nowrap"><b>Code</b></td><td><b>Display</b></td><td><b>Definition</b></td></tr><tr><td><a href="http://terminology.hl7.org/3.1.0/CodeSystem-endpoint-connection-type.html#endpoint-connection-type-hl7-fhir-rest">hl7-fhir-rest</a></td><td>HL7 FHIR</td><td>Interact with the server interface using FHIR's RESTful interface. For details on its version/capabilities you should connect the value in Endpoint.address and retrieve the FHIR CapabilityStatement.</td></tr><tr><td><a href="http://terminology.hl7.org/3.1.0/CodeSystem-endpoint-connection-type.html#endpoint-connection-type-hl7-fhir-msg">hl7-fhir-msg</a></td><td>HL7 FHIR Messaging</td><td>Use the servers FHIR Messaging interface. Details can be found on the messaging.html page in the FHIR Specification. The FHIR server's base address is specified in the Endpoint.address property.</td></tr><tr><td><a href="http://terminology.hl7.org/3.1.0/CodeSystem-endpoint-connection-type.html#endpoint-connection-type-direct-project">direct-project</a></td><td>Direct Project</td><td>Direct Project information - http://wiki.directproject.org/</td></tr></table></li><li>Include these codes as defined in <a href="CodeSystem-EndpointConnectionTypeCS.html"><code>http://hl7.org/fhir/us/fhir-directory-query/CodeSystem/EndpointConnectionTypeCS</code></a><table class="none"><tr><td style="white-space:nowrap"><b>Code</b></td><td><b>Display</b></td><td><b>Definition</b></td></tr><tr><td><a href="CodeSystem-EndpointConnectionTypeCS.html#EndpointConnectionTypeCS-hl7-fhir-opn">hl7-fhir-opn</a></td><td>HL7 FHIR Operation</td><td>Interact with a FHIR server interface using FHIR's RESTful interface using an operation other than messaging. For details on its version/capabilities you should connect the value in Endpoint.address and retrieve the FHIR CapabilityStatement.</td></tr><tr><td><a href="CodeSystem-EndpointConnectionTypeCS.html#EndpointConnectionTypeCS-rest-non-fhir">rest-non-fhir</a></td><td>REST (not FHIR)</td><td>Interact with a server using HTTP/REST but not FHIR.  Should be used for web portals.</td></tr></table></li></ul></div></text><url value="http://hl7.org/fhir/us/fhir-directory-query/ValueSet/MinEndpointConnectionTypeVS"/><version value="0.1.0"/><name value="MinEndpointConnectionTypeVS"/><title value="Minimum Endpoint Connection Types"/><status value="active"/><date value="2022-07-25T10:58:52-05:00"/><publisher value="HL7 Patient Administration Working Group"/><contact><name value="HL7 Patient Administration Working Group"/><telecom><system value="url"/><value value="https://www.hl7.org/Special/committees/pafm/index.cfm"/></telecom><telecom><system value="email"/><value value="pafm@lists.HL7.org"/></telecom></contact><description value="Minimum Endpoint Connection Types"/><jurisdiction><coding><system value="urn:iso:std:iso:3166"/><code value="US"/></coding></jurisdiction><compose><include><system value="http://terminology.hl7.org/CodeSystem/endpoint-connection-type"/><concept><code value="hl7-fhir-rest"/><display value="HL7 FHIR"/></concept><concept><code value="hl7-fhir-msg"/><display value="HL7 FHIR Messaging"/></concept><concept><code value="direct-project"/><display value="Direct Project"/></concept></include><include><system value="http://hl7.org/fhir/us/fhir-directory-query/CodeSystem/EndpointConnectionTypeCS"/><concept><code value="hl7-fhir-opn"/><display value="HL7 FHIR Operation"/></concept><concept><code value="rest-non-fhir"/><display value="REST (not FHIR)"/></concept></include></compose></ValueSet>