<?xml version="1.0" encoding="UTF-8"?>

<Practitioner xmlns="http://hl7.org/fhir">
  <id value="JoeSmith"/>
  <meta>
    <lastUpdated value="2020-07-07T13:26:22.0314215+00:00"/>
    <profile value="http://hl7.org/fhir/us/fhir-directory-query/StructureDefinition/NatlDirEndpointQry-Practitioner"/>
  </meta>
  <language value="en-US"/>
  <text>
    <status value="extensions"/><div xmlns="http://www.w3.org/1999/xhtml" xml:lang="en-US" lang="en-US"><p><b>Generated Narrative</b></p><div style="display: inline-block; background-color: #d9e0e7; padding: 6px; margin: 4px; border: 1px solid #8da1b4; border-radius: 5px; line-height: 60%"><p style="margin-bottom: 0px">Resource "JoeSmith" Updated "2020-07-07 01:26:22+0000"  (Language "en-US") </p><p style="margin-bottom: 0px">Profile: <a href="StructureDefinition-NatlDirEndpointQry-Practitioner.html">National Directory Endpoint Qry Exchange Practitioner</a></p></div><p><b>identifier</b>: id: NPI323</p><p><b>active</b>: true</p><p><b>name</b>: Joe Smith, MD</p><blockquote><p><b>qualification</b></p><blockquote><p><b>Practitioner Qualification</b></p><p><b>value</b>: active</p><p><b>value</b>: Illinois <span style="background: LightGoldenRodYellow; margin: 4px; border: 1px solid khaki"> (#IL)</span></p></blockquote><p><b>code</b>: MD <span style="background: LightGoldenRodYellow; margin: 4px; border: 1px solid khaki"> (<a href="http://terminology.hl7.org/3.1.0/CodeSystem-v2-0360.html">degreeLicenseCertificate</a>#MD)</span></p><p><b>issuer</b>: <span>: State of Illinois</span></p></blockquote><blockquote><p><b>qualification</b></p><blockquote><p><b>Practitioner Qualification</b></p><p><b>value</b>: active</p><p><b>value</b>: Illinois <span style="background: LightGoldenRodYellow; margin: 4px; border: 1px solid khaki"> (#IL)</span></p></blockquote><p><b>code</b>: Board Certified Internal Medicine <span style="background: LightGoldenRodYellow; margin: 4px; border: 1px solid khaki"> (provider-taxonomy#207R00000X "Internal Medicine Physician")</span></p><p><b>issuer</b>: <span>: American Board of Internal Medicine</span></p></blockquote><blockquote><p><b>qualification</b></p><blockquote><p><b>Practitioner Qualification</b></p><p><b>value</b>: active</p><p><b>value</b>: Illinois <span style="background: LightGoldenRodYellow; margin: 4px; border: 1px solid khaki"> (#IL)</span></p></blockquote><p><b>code</b>: Board Certified Cardiovascular Disease <span style="background: LightGoldenRodYellow; margin: 4px; border: 1px solid khaki"> (provider-taxonomy#207RC0000X "Cardiovascular Disease Physician")</span></p><p><b>issuer</b>: <span>: American Board of Internal Medicine</span></p></blockquote></div>
  </text>
  <identifier>
    <system value="http://hl7.org/fhir/sid/us-npi"/>
    <value value="NPI323"/>
  </identifier>
  <active value="true"/>
  <name>
    <text value="Joe Smith, MD"/>
    <family value="Smith"/>
    <given value="Joe"/>
  </name>
  <qualification>
    <extension url="http://hl7.org/fhir/us/fhir-directory-query/StructureDefinition/practitioner-qualification">
      <extension url="status">
        <valueCode value="active"/>
      </extension>
      <extension url="whereValid">
        <valueCodeableConcept>
          <coding>
            <system value="https://www.usps.com/"/>
            <code value="IL"/>
          </coding>
        </valueCodeableConcept>
      </extension>
    </extension>
    <code>
      <coding>
        <system value="http://terminology.hl7.org/CodeSystem/v2-0360"/>
        <code value="MD"/>
      </coding>
      <text value="MD"/>
    </code>
    <issuer>
      <display value="State of Illinois"/>
    </issuer>
  </qualification>
  <qualification>
    <extension url="http://hl7.org/fhir/us/fhir-directory-query/StructureDefinition/practitioner-qualification">
      <extension url="status">
        <valueCode value="active"/>
      </extension>
      <extension url="whereValid">
        <valueCodeableConcept>
          <coding>
            <system value="https://www.usps.com/"/>
            <code value="IL"/>
          </coding>
        </valueCodeableConcept>
      </extension>
    </extension>
    <code>
      <coding>
        <system value="http://nucc.org/provider-taxonomy"/>
        <code value="207R00000X"/>
        <display value="Internal Medicine Physician"/>
      </coding>
      <text value="Board Certified Internal Medicine"/>
    </code>
    <issuer>
      <display value="American Board of Internal Medicine"/>
    </issuer>
  </qualification>
  <qualification>
    <extension url="http://hl7.org/fhir/us/fhir-directory-query/StructureDefinition/practitioner-qualification">
      <extension url="status">
        <valueCode value="active"/>
      </extension>
      <extension url="whereValid">
        <valueCodeableConcept>
          <coding>
            <system value="https://www.usps.com/"/>
            <code value="IL"/>
          </coding>
        </valueCodeableConcept>
      </extension>
    </extension>
    <code>
      <coding>
        <system value="http://nucc.org/provider-taxonomy"/>
        <code value="207RC0000X"/>
        <display value="Cardiovascular Disease Physician"/>
      </coding>
      <text value="Board Certified Cardiovascular Disease"/>
    </code>
    <issuer>
      <display value="American Board of Internal Medicine"/>
    </issuer>
  </qualification>
</Practitioner>