{"resourceType":"CapabilityStatement","id":"fhir-directory-query-human-services-endpoint","text":{"status":"extensions","div":"<div xmlns=\"http://www.w3.org/1999/xhtml\"><h2>CapabilityStatementFhirDirectoryQueryHumanServicesEndpoint</h2><div><p>Capabilities for a Federated Query Server for Health Services where endpoint search capabilities are met</p>\n</div><table><tr><td>Mode</td><td>SERVER</td></tr><tr><td>Description</td><td><div><p>A Federated Query server <strong>SHALL</strong>:</p>\n<ol>\n<li>Support all profiles defined in this Implementation Guide..</li>\n<li>Implement the RESTful behavior according to the FHIR specification.</li>\n<li>Return the following response classes:\n<ul>\n<li>(Status 400): invalid parameter</li>\n<li>(Status 401/4xx): unauthorized request</li>\n<li>(Status 403): insufficient scope</li>\n<li>(Status 404): unknown resource</li>\n<li>(Status 410): deleted resource.</li>\n</ul>\n</li>\n<li>Support json source formats for all Federated Query interactions.</li>\n<li>Identify the Federated Query  profiles supported as part of the FHIR <code>meta.profile</code> attribute for each instance.</li>\n<li>Support the searchParameters on each profile individually and in combination.</li>\n</ol>\n<p>The Federated Query Server <strong>SHOULD</strong>:</p>\n<ol>\n<li>Support xml source formats for all Federated Query interactions.</li>\n</ol>\n</div></td></tr><tr><td>Transaction</td><td></td></tr><tr><td>System History</td><td></td></tr><tr><td>System Search</td><td></td></tr></table><table><tr><th><b>Resource Type</b></th><th><b>Profile</b></th><th><b title=\"GET a resource (read interaction)\">Read</b></th><th><b title=\"GET all set of resources of the type (search interaction)\">Search</b></th><th><b title=\"PUT a new resource version (update interaction)\">Update</b></th><th><b title=\"POST a new resource (create interaction)\">Create</b></th></tr><tr><td>Endpoint</td><td>Supported profiles:<br/>  <a href=\"https://build.fhir.org/ig/HL7/fhir-directory-query/StructureDefinition-NatlDirEndpointQry-Endpoint.html\">https://build.fhir.org/ig/HL7/fhir-directory-query/StructureDefinition-NatlDirEndpointQry-Endpoint.html</a></td><td></td><td></td><td></td><td></td></tr><tr><td>HealthcareService</td><td>Supported profiles:<br/>  <a href=\"https://build.fhir.org/ig/HL7/fhir-directory-query/StructureDefinition-NatlDirEndpointQry-HealthcareService.html\">https://build.fhir.org/ig/HL7/fhir-directory-query/StructureDefinition-NatlDirEndpointQry-HealthcareService.html</a></td><td></td><td></td><td></td><td></td></tr><tr><td>InsurancePlan</td><td>Supported profiles:<br/>  <a href=\"https://build.fhir.org/ig/HL7/fhir-directory-query/StructureDefinition-NatlDirEndpointQry-InsurancePlan.html\">https://build.fhir.org/ig/HL7/fhir-directory-query/StructureDefinition-NatlDirEndpointQry-InsurancePlan.html</a></td><td></td><td></td><td></td><td></td></tr><tr><td>Location</td><td>Supported profiles:<br/>  <a href=\"https://build.fhir.org/ig/HL7/fhir-directory-query/StructureDefinition-NatlDirEndpointQry-location.html\">https://build.fhir.org/ig/HL7/fhir-directory-query/StructureDefinition-NatlDirEndpointQry-location.html</a></td><td></td><td></td><td></td><td></td></tr><tr><td>Organization</td><td>Supported profiles:<br/>  <a href=\"https://build.fhir.org/ig/HL7/fhir-directory-query/StructureDefinition-NatlDirEndpointQry-organization.html\">https://build.fhir.org/ig/HL7/fhir-directory-query/StructureDefinition-NatlDirEndpointQry-organization.html</a></td><td></td><td></td><td></td><td></td></tr><tr><td>OrganizationAffiliation</td><td>Supported profiles:<br/>  <a href=\"https://build.fhir.org/ig/HL7/fhir-directory-query/StructureDefinition-NatlDirEndpointQry-OrganizationAffiliation.html\">https://build.fhir.org/ig/HL7/fhir-directory-query/StructureDefinition-NatlDirEndpointQry-OrganizationAffiliation.html</a></td><td></td><td></td><td></td><td></td></tr><tr><td>Practitioner</td><td>Supported profiles:<br/>  <a href=\"https://build.fhir.org/ig/HL7/fhir-directory-query/StructureDefinition-NatlDirEndpointQry-Practitioner.html\">https://build.fhir.org/ig/HL7/fhir-directory-query/StructureDefinition-NatlDirEndpointQry-Practitioner.html</a></td><td></td><td></td><td></td><td></td></tr><tr><td>PractitionerRole</td><td>Supported profiles:<br/>  <a href=\"https://build.fhir.org/ig/HL7/fhir-directory-query/StructureDefinition-NatlDirEndpointQry-PractitionerRole.html\">https://build.fhir.org/ig/HL7/fhir-directory-query/StructureDefinition-NatlDirEndpointQry-PractitionerRole.html</a></td><td></td><td></td><td></td><td></td></tr><tr><td>Consent</td><td>Supported profiles:<br/>  <a href=\"https://build.fhir.org/ig/HL7/fhir-directory-query/StructureDefinition-NatlDirEndpointQry-Restriction.html\">https://build.fhir.org/ig/HL7/fhir-directory-query/StructureDefinition-NatlDirEndpointQry-Restriction.html</a></td><td></td><td></td><td></td><td></td></tr><tr><td>VerificationResult</td><td>Supported profiles:<br/>  <a href=\"https://build.fhir.org/ig/HL7/fhir-directory-query/StructureDefinition-NatlDirEndpointQry-Validation.html\">https://build.fhir.org/ig/HL7/fhir-directory-query/StructureDefinition-NatlDirEndpointQry-Validation.html</a></td><td></td><td></td><td></td><td></td></tr><tr><td>CareTeam</td><td>Supported profiles:<br/>  <a href=\"https://build.fhir.org/ig/HL7/fhir-directory-query/StructureDefinition-NatlDirEndpointQry-CareTeam.html\">https://build.fhir.org/ig/HL7/fhir-directory-query/StructureDefinition-NatlDirEndpointQry-CareTeam.html</a></td><td></td><td></td><td></td><td></td></tr></table></div>"},"url":"http://hl7.org/fhir/us/fhir-directory-query/CapabilityStatement/fhir-directory-query-human-services-endpoint","version":"0.1.0","name":"CapabilityStatementFhirDirectoryQueryHumanServicesEndpoint","title":"Capability Statement Human Services Federated Endpoint Server","status":"draft","experimental":true,"date":"2022-02-15T07:15:00.000000-04:00","publisher":"HL7 Patient Administration Working Group","contact":[{"name":"HL7 Patient Administration Working Group","telecom":[{"system":"url","value":"https://www.hl7.org/Special/committees/pafm/index.cfm"},{"system":"email","value":"pafm@lists.HL7.org"}]}],"description":"Capabilities for a Federated Query Server for Health Services where endpoint search capabilities are met","jurisdiction":[{"coding":[{"system":"urn:iso:std:iso:3166","code":"US"}]}],"kind":"requirements","fhirVersion":"4.0.1","format":["xml","json"],"implementationGuide":["https://build.fhir.org/ig/HL7/fhir-directory-query/"],"rest":[{"mode":"server","documentation":"A Federated Query server **SHALL**:\n\n1. Support all profiles defined in this Implementation Guide..\n1.  Implement the RESTful behavior according to the FHIR specification.\n1. Return the following response classes:\n   - (Status 400): invalid parameter\n   - (Status 401/4xx): unauthorized request\n   - (Status 403): insufficient scope\n   - (Status 404): unknown resource\n   - (Status 410): deleted resource.\n1. Support json source formats for all Federated Query interactions.\n1. Identify the Federated Query  profiles supported as part of the FHIR `meta.profile` attribute for each instance.\n1. Support the searchParameters on each profile individually and in combination.\n\nThe Federated Query Server **SHOULD**:\n\n1. Support xml source formats for all Federated Query interactions.\n","security":{"description":"1. See the [General Security Considerations](https://www.hl7.org/fhir/security.html#general) section for requirements and recommendations.\n1. A client **SHALL** reject any unauthorized requests by returning an `HTTP 401` unauthorized response code."},"resource":[{"type":"Endpoint","supportedProfile":["https://build.fhir.org/ig/HL7/fhir-directory-query/StructureDefinition-NatlDirEndpointQry-Endpoint.html"],"_supportedProfile":[{"extension":[{"url":"http://hl7.org/fhir/StructureDefinition/capabilitystatement-expectation","valueCode":"SHALL"}]}],"searchParam":[{"extension":[{"url":"http://hl7.org/fhir/StructureDefinition/capabilitystatement-expectation","valueCode":"SHALL"}],"name":"identifier","definition":"https://build.fhir.org/ig/HL7/fhir-directory-query/SearchParameter-endpoint-identifier","type":"token"},{"extension":[{"url":"http://hl7.org/fhir/StructureDefinition/capabilitystatement-expectation","valueCode":"SHALL"}],"name":"connection-type","definition":"https://build.fhir.org/ig/HL7/fhir-directory-query/SearchParameter-endpoint-connection-type.html","type":"token"},{"extension":[{"url":"http://hl7.org/fhir/StructureDefinition/capabilitystatement-expectation","valueCode":"SHALL"}],"name":"mime-type","definition":"https://build.fhir.org/ig/HL7/fhir-directory-query/SearchParameter-endpoint-mime-type.html","type":"token"},{"extension":[{"url":"http://hl7.org/fhir/StructureDefinition/capabilitystatement-expectation","valueCode":"SHALL"}],"name":"organization","definition":"https://build.fhir.org/ig/HL7/fhir-directory-query/SearchParameter-endpoint-organization.html","type":"token"},{"extension":[{"url":"http://hl7.org/fhir/StructureDefinition/capabilitystatement-expectation","valueCode":"SHALL"}],"name":"payload-type","definition":"https://build.fhir.org/ig/HL7/fhir-directory-query/SearchParameter-endpoint-payload-type.html","type":"token"},{"extension":[{"url":"http://hl7.org/fhir/StructureDefinition/capabilitystatement-expectation","valueCode":"SHALL"}],"name":"usecase-standard","definition":"https://build.fhir.org/ig/HL7/fhir-directory-query/SearchParameter-endpoint-usecase-standard.html","type":"token"},{"extension":[{"url":"http://hl7.org/fhir/StructureDefinition/capabilitystatement-expectation","valueCode":"SHALL"}],"name":"status","definition":"https://build.fhir.org/ig/HL7/fhir-directory-query/SearchParameter-endpoint-status.html","type":"token"},{"extension":[{"url":"http://hl7.org/fhir/StructureDefinition/capabilitystatement-expectation","valueCode":"SHALL"}],"name":"usecase-type","definition":"https://build.fhir.org/ig/HL7/fhir-directory-query/SearchParameter-endpoint-usecase-type.html","type":"token"}]},{"type":"HealthcareService","supportedProfile":["https://build.fhir.org/ig/HL7/fhir-directory-query/StructureDefinition-NatlDirEndpointQry-HealthcareService.html"],"_supportedProfile":[{"extension":[{"url":"http://hl7.org/fhir/StructureDefinition/capabilitystatement-expectation","valueCode":"SHALL"}]}],"searchParam":[{"extension":[{"url":"http://hl7.org/fhir/StructureDefinition/capabilitystatement-expectation","valueCode":"SHALL"}],"name":"service-category","definition":"https://build.fhir.org/ig/HL7/fhir-directory-query/SearchParameter-HealthcareService-service-category","type":"token"},{"extension":[{"url":"http://hl7.org/fhir/StructureDefinition/capabilitystatement-expectation","valueCode":"SHALL"}],"name":"coverage-area","definition":"https://build.fhir.org/ig/HL7/fhir-directory-query/SearchParameter-HealthcareService-coverage-area","type":"token"},{"extension":[{"url":"http://hl7.org/fhir/StructureDefinition/capabilitystatement-expectation","valueCode":"SHALL"}],"name":"endpoint","definition":"https://build.fhir.org/ig/HL7/fhir-directory-query/SearchParameter-HealthcareService-endpoint","type":"token"},{"extension":[{"url":"http://hl7.org/fhir/StructureDefinition/capabilitystatement-expectation","valueCode":"SHALL"}],"name":"location","definition":"https://build.fhir.org/ig/HL7/fhir-directory-query/SearchParameter-HealthcareService-location","type":"token"},{"extension":[{"url":"http://hl7.org/fhir/StructureDefinition/capabilitystatement-expectation","valueCode":"SHALL"}],"name":"name","definition":"https://build.fhir.org/ig/HL7/fhir-directory-query/SearchParameter-HealthcareService-name","type":"token"},{"extension":[{"url":"http://hl7.org/fhir/StructureDefinition/capabilitystatement-expectation","valueCode":"SHALL"}],"name":"organization","definition":"https://build.fhir.org/ig/HL7/fhir-directory-query/SearchParameter-HealthcareService-organization","type":"token"},{"extension":[{"url":"http://hl7.org/fhir/StructureDefinition/capabilitystatement-expectation","valueCode":"SHALL"}],"name":"specialty","definition":"https://build.fhir.org/ig/HL7/fhir-directory-query/SearchParameter-HealthcareService-specialty","type":"token"},{"extension":[{"url":"http://hl7.org/fhir/StructureDefinition/capabilitystatement-expectation","valueCode":"SHALL"}],"name":"service-type","definition":"https://build.fhir.org/ig/HL7/fhir-directory-query/SearchParameter-HealthcareService-service-type","type":"token"}]},{"type":"InsurancePlan","supportedProfile":["https://build.fhir.org/ig/HL7/fhir-directory-query/StructureDefinition-NatlDirEndpointQry-InsurancePlan.html"],"_supportedProfile":[{"extension":[{"url":"http://hl7.org/fhir/StructureDefinition/capabilitystatement-expectation","valueCode":"MAY"}]}],"searchParam":[{"extension":[{"url":"http://hl7.org/fhir/StructureDefinition/capabilitystatement-expectation","valueCode":"SHALL"}],"name":"coverage-area","definition":"https://build.fhir.org/ig/HL7/fhir-directory-query/SearchParameter-InsurancePlan-coverage-area","type":"token"},{"extension":[{"url":"http://hl7.org/fhir/StructureDefinition/capabilitystatement-expectation","valueCode":"SHALL"}],"name":"administrated-by","definition":"https://build.fhir.org/ig/HL7/fhir-directory-query/SearchParameter-InsurancePlan-administrated-by","type":"token"},{"extension":[{"url":"http://hl7.org/fhir/StructureDefinition/capabilitystatement-expectation","valueCode":"SHALL"}],"name":"coverage-benefit-type","definition":"https://build.fhir.org/ig/HL7/fhir-directory-query/SearchParameter-InsurancePlan-coverage-benefit-type","type":"token"},{"extension":[{"url":"http://hl7.org/fhir/StructureDefinition/capabilitystatement-expectation","valueCode":"SHALL"}],"name":"coverage-network","definition":"https://build.fhir.org/ig/HL7/fhir-directory-query/SearchParameter-InsurancePlan-coverage-network","type":"token"},{"extension":[{"url":"http://hl7.org/fhir/StructureDefinition/capabilitystatement-expectation","valueCode":"SHALL"}],"name":"identifier","definition":"https://build.fhir.org/ig/HL7/fhir-directory-query/SearchParameter-InsurancePlan-identifier","type":"token"},{"extension":[{"url":"http://hl7.org/fhir/StructureDefinition/capabilitystatement-expectation","valueCode":"SHALL"}],"name":"type","definition":"https://build.fhir.org/ig/HL7/fhir-directory-query/SearchParameter-InsurancePlan-type","type":"token"},{"extension":[{"url":"http://hl7.org/fhir/StructureDefinition/capabilitystatement-expectation","valueCode":"SHALL"}],"name":"name","definition":"https://build.fhir.org/ig/HL7/fhir-directory-query/SearchParameter-InsurancePlan-name","type":"token"},{"extension":[{"url":"http://hl7.org/fhir/StructureDefinition/capabilitystatement-expectation","valueCode":"SHALL"}],"name":"owned-by","definition":"https://build.fhir.org/ig/HL7/fhir-directory-query/SearchParameter-InsurancePlan-owned-by","type":"token"}]},{"type":"Location","supportedProfile":["https://build.fhir.org/ig/HL7/fhir-directory-query/StructureDefinition-NatlDirEndpointQry-location.html"],"_supportedProfile":[{"extension":[{"url":"http://hl7.org/fhir/StructureDefinition/capabilitystatement-expectation","valueCode":"SHALL"}]}],"searchParam":[{"extension":[{"url":"http://hl7.org/fhir/StructureDefinition/capabilitystatement-expectation","valueCode":"SHALL"}],"name":"address","definition":"https://build.fhir.org/ig/HL7/fhir-directory-query/SearchParameter-location-address","type":"token"},{"extension":[{"url":"http://hl7.org/fhir/StructureDefinition/capabilitystatement-expectation","valueCode":"SHALL"}],"name":"endpoint","definition":"https://build.fhir.org/ig/HL7/fhir-directory-query/SearchParameter-location-endpoint","type":"token"},{"extension":[{"url":"http://hl7.org/fhir/StructureDefinition/capabilitystatement-expectation","valueCode":"SHALL"}],"name":"organization","definition":"https://build.fhir.org/ig/HL7/fhir-directory-query/SearchParameter-location-organization","type":"token"},{"extension":[{"url":"http://hl7.org/fhir/StructureDefinition/capabilitystatement-expectation","valueCode":"SHALL"}],"name":"physicalType","definition":"https://build.fhir.org/ig/HL7/fhir-directory-query/SearchParameter-location-physicalType","type":"token"},{"extension":[{"url":"http://hl7.org/fhir/StructureDefinition/capabilitystatement-expectation","valueCode":"SHALL"}],"name":"partOf","definition":"https://build.fhir.org/ig/HL7/fhir-directory-query/SearchParameter-location-partOf","type":"token"},{"extension":[{"url":"http://hl7.org/fhir/StructureDefinition/capabilitystatement-expectation","valueCode":"SHALL"}],"name":"type","definition":"https://build.fhir.org/ig/HL7/fhir-directory-query/SearchParameter-location-type","type":"token"}]},{"type":"Organization","supportedProfile":["https://build.fhir.org/ig/HL7/fhir-directory-query/StructureDefinition-NatlDirEndpointQry-organization.html"],"_supportedProfile":[{"extension":[{"url":"http://hl7.org/fhir/StructureDefinition/capabilitystatement-expectation","valueCode":"SHOULD"}]}],"searchParam":[{"extension":[{"url":"http://hl7.org/fhir/StructureDefinition/capabilitystatement-expectation","valueCode":"SHALL"}],"name":"type","definition":"https://build.fhir.org/ig/HL7/fhir-directory-query/SearchParameter-organization-type","type":"token"},{"extension":[{"url":"http://hl7.org/fhir/StructureDefinition/capabilitystatement-expectation","valueCode":"SHALL"}],"name":"address","definition":"https://build.fhir.org/ig/HL7/fhir-directory-query/SearchParameter-organization-address","type":"token"},{"extension":[{"url":"http://hl7.org/fhir/StructureDefinition/capabilitystatement-expectation","valueCode":"SHALL"}],"name":"endpoint","definition":"https://build.fhir.org/ig/HL7/fhir-directory-query/SearchParameter-organization-endpoint","type":"token"},{"extension":[{"url":"http://hl7.org/fhir/StructureDefinition/capabilitystatement-expectation","valueCode":"SHALL"}],"name":"identifier","definition":"https://build.fhir.org/ig/HL7/fhir-directory-query/SearchParameter-organization-identifier","type":"token"},{"extension":[{"url":"http://hl7.org/fhir/StructureDefinition/capabilitystatement-expectation","valueCode":"SHALL"}],"name":"name","definition":"https://build.fhir.org/ig/HL7/fhir-directory-query/SearchParameter-organization-name","type":"token"},{"extension":[{"url":"http://hl7.org/fhir/StructureDefinition/capabilitystatement-expectation","valueCode":"SHALL"}],"name":"partOf","definition":"https://build.fhir.org/ig/HL7/fhir-directory-query/SearchParameter-organization-partOf","type":"token"},{"extension":[{"url":"http://hl7.org/fhir/StructureDefinition/capabilitystatement-expectation","valueCode":"SHALL"}],"name":"coverage-area","definition":"https://build.fhir.org/ig/HL7/fhir-directory-query/SearchParameter-location-coverage-area","type":"token"},{"extension":[{"url":"http://hl7.org/fhir/StructureDefinition/capabilitystatement-expectation","valueCode":"SHALL"}],"name":"Networkname","definition":"https://build.fhir.org/ig/HL7/fhir-directory-query/SearchParameter-network-name","type":"token"}]},{"type":"OrganizationAffiliation","supportedProfile":["https://build.fhir.org/ig/HL7/fhir-directory-query/StructureDefinition-NatlDirEndpointQry-OrganizationAffiliation.html"],"_supportedProfile":[{"extension":[{"url":"http://hl7.org/fhir/StructureDefinition/capabilitystatement-expectation","valueCode":"SHOULD"}]}],"searchParam":[{"extension":[{"url":"http://hl7.org/fhir/StructureDefinition/capabilitystatement-expectation","valueCode":"SHALL"}],"name":"endpoint","definition":"https://build.fhir.org/ig/HL7/fhir-directory-query/SearchParameter-OrganizationAffiliation-endpoint","type":"token"},{"extension":[{"url":"http://hl7.org/fhir/StructureDefinition/capabilitystatement-expectation","valueCode":"SHALL"}],"name":"location","definition":"https://build.fhir.org/ig/HL7/fhir-directory-query/SearchParameter-OrganizationAffiliation-location","type":"token"},{"extension":[{"url":"http://hl7.org/fhir/StructureDefinition/capabilitystatement-expectation","valueCode":"SHALL"}],"name":"network","definition":"https://build.fhir.org/ig/HL7/fhir-directory-query/SearchParameter-OrganizationAffiliation-network","type":"token"},{"extension":[{"url":"http://hl7.org/fhir/StructureDefinition/capabilitystatement-expectation","valueCode":"SHALL"}],"name":"participating-organization","definition":"https://build.fhir.org/ig/HL7/fhir-directory-query/SearchParameter-OrganizationAffiliation-participating-organization","type":"token"},{"extension":[{"url":"http://hl7.org/fhir/StructureDefinition/capabilitystatement-expectation","valueCode":"SHALL"}],"name":"primary-organization","definition":"https://build.fhir.org/ig/HL7/fhir-directory-query/SearchParameter-OrganizationAffiliation-primary-organization","type":"token"},{"extension":[{"url":"http://hl7.org/fhir/StructureDefinition/capabilitystatement-expectation","valueCode":"SHALL"}],"name":"role","definition":"https://build.fhir.org/ig/HL7/fhir-directory-query/SearchParameter-OrganizationAffiliation-role","type":"token"},{"extension":[{"url":"http://hl7.org/fhir/StructureDefinition/capabilitystatement-expectation","valueCode":"SHALL"}],"name":"service","definition":"https://build.fhir.org/ig/HL7/fhir-directory-query/SearchParameter-OrganizationAffiliation-service","type":"token"},{"extension":[{"url":"http://hl7.org/fhir/StructureDefinition/capabilitystatement-expectation","valueCode":"SHALL"}],"name":"specialty","definition":"https://build.fhir.org/ig/HL7/fhir-directory-query/SearchParameter-OrganizationAffiliation-specialty","type":"token"}]},{"type":"Practitioner","supportedProfile":["https://build.fhir.org/ig/HL7/fhir-directory-query/StructureDefinition-NatlDirEndpointQry-Practitioner.html"],"_supportedProfile":[{"extension":[{"url":"http://hl7.org/fhir/StructureDefinition/capabilitystatement-expectation","valueCode":"MAY"}]}],"searchParam":[{"extension":[{"url":"http://hl7.org/fhir/StructureDefinition/capabilitystatement-expectation","valueCode":"SHALL"}],"name":"name","definition":"https://build.fhir.org/ig/HL7/fhir-directory-query/SearchParameter-Practitioner-name","type":"token"},{"extension":[{"url":"http://hl7.org/fhir/StructureDefinition/capabilitystatement-expectation","valueCode":"SHALL"}],"name":"family","definition":"https://build.fhir.org/ig/HL7/fhir-directory-query/SearchParameter-Practitioner-family","type":"token"},{"extension":[{"url":"http://hl7.org/fhir/StructureDefinition/capabilitystatement-expectation","valueCode":"SHALL"}],"name":"given","definition":"https://build.fhir.org/ig/HL7/fhir-directory-query/SearchParameter-Practitioner-given","type":"token"},{"extension":[{"url":"http://hl7.org/fhir/StructureDefinition/capabilitystatement-expectation","valueCode":"SHALL"}],"name":"identifier","definition":"https://build.fhir.org/ig/HL7/fhir-directory-query/SearchParameter-Practitioner-identifier","type":"token"},{"extension":[{"url":"http://hl7.org/fhir/StructureDefinition/capabilitystatement-expectation","valueCode":"SHALL"}],"name":"identifier-assigner","definition":"https://build.fhir.org/ig/HL7/fhir-directory-query/SearchParameter-Practitioner-identifier-assigner","type":"token"},{"extension":[{"url":"http://hl7.org/fhir/StructureDefinition/capabilitystatement-expectation","valueCode":"SHALL"}],"name":"qualification-code","definition":"https://build.fhir.org/ig/HL7/fhir-directory-query/SearchParameter-Practitioner-qualification-code","type":"token"},{"extension":[{"url":"http://hl7.org/fhir/StructureDefinition/capabilitystatement-expectation","valueCode":"SHALL"}],"name":"qualification-issuer","definition":"https://build.fhir.org/ig/HL7/fhir-directory-query/SearchParameter-Practitioner-qualification-issuer","type":"token"}]},{"type":"PractitionerRole","supportedProfile":["https://build.fhir.org/ig/HL7/fhir-directory-query/StructureDefinition-NatlDirEndpointQry-PractitionerRole.html"],"_supportedProfile":[{"extension":[{"url":"http://hl7.org/fhir/StructureDefinition/capabilitystatement-expectation","valueCode":"SHOULD"}]}],"searchParam":[{"extension":[{"url":"http://hl7.org/fhir/StructureDefinition/capabilitystatement-expectation","valueCode":"SHALL"}],"name":"endpoint","definition":"https://build.fhir.org/ig/HL7/fhir-directory-query/SearchParameter-PractitionerRole-endpoint","type":"token"},{"extension":[{"url":"http://hl7.org/fhir/StructureDefinition/capabilitystatement-expectation","valueCode":"SHALL"}],"name":"location","definition":"https://build.fhir.org/ig/HL7/fhir-directory-query/SearchParameter-PractitionerRole-location","type":"token"},{"extension":[{"url":"http://hl7.org/fhir/StructureDefinition/capabilitystatement-expectation","valueCode":"SHALL"}],"name":"network","definition":"https://build.fhir.org/ig/HL7/fhir-directory-query/SearchParameter-PractitionerRole-network","type":"token"},{"extension":[{"url":"http://hl7.org/fhir/StructureDefinition/capabilitystatement-expectation","valueCode":"SHALL"}],"name":"organization","definition":"https://build.fhir.org/ig/HL7/fhir-directory-query/SearchParameter-PractitionerRole-organization","type":"token"},{"extension":[{"url":"http://hl7.org/fhir/StructureDefinition/capabilitystatement-expectation","valueCode":"SHALL"}],"name":"Practicioner","definition":"https://build.fhir.org/ig/HL7/fhir-directory-query/SearchParameter-PractitionerRole-Practicioner","type":"token"},{"extension":[{"url":"http://hl7.org/fhir/StructureDefinition/capabilitystatement-expectation","valueCode":"SHALL"}],"name":"role","definition":"https://build.fhir.org/ig/HL7/fhir-directory-query/SearchParameter-PractitionerRole-role","type":"token"},{"extension":[{"url":"http://hl7.org/fhir/StructureDefinition/capabilitystatement-expectation","valueCode":"SHALL"}],"name":"service","definition":"https://build.fhir.org/ig/HL7/fhir-directory-query/SearchParameter-PractitionerRole-service","type":"token"},{"extension":[{"url":"http://hl7.org/fhir/StructureDefinition/capabilitystatement-expectation","valueCode":"SHALL"}],"name":"specialty","definition":"https://build.fhir.org/ig/HL7/fhir-directory-query/SearchParameter-PractitionerRole-specialty","type":"token"}]},{"type":"Consent","supportedProfile":["https://build.fhir.org/ig/HL7/fhir-directory-query/StructureDefinition-NatlDirEndpointQry-Restriction.html"],"_supportedProfile":[{"extension":[{"url":"http://hl7.org/fhir/StructureDefinition/capabilitystatement-expectation","valueCode":"SHALL"}]}],"searchParam":[{"extension":[{"url":"http://hl7.org/fhir/StructureDefinition/capabilitystatement-expectation","valueCode":"SHALL"}],"name":"_id","definition":"https://build.fhir.org/ig/HL7/fhir-directory-query/SearchParameter-Restriction-identifier","type":"token"},{"extension":[{"url":"http://hl7.org/fhir/StructureDefinition/capabilitystatement-expectation","valueCode":"SHALL"}],"name":"_lastUpdated","definition":"https://build.fhir.org/ig/HL7/fhir-directory-query/SearchParameter-Restriction-lastUpdated","type":"token"},{"extension":[{"url":"http://hl7.org/fhir/StructureDefinition/capabilitystatement-expectation","valueCode":"SHALL"}],"name":"plan-type","definition":"https://build.fhir.org/ig/HL7/fhir-directory-query/SearchParameter-Restriction-plan-type","type":"token"},{"extension":[{"url":"http://hl7.org/fhir/StructureDefinition/capabilitystatement-expectation","valueCode":"SHALL"}],"name":"name","definition":"https://build.fhir.org/ig/HL7/fhir-directory-query/SearchParameter-Restriction-name","type":"token"},{"extension":[{"url":"http://hl7.org/fhir/StructureDefinition/capabilitystatement-expectation","valueCode":"SHALL"}],"name":"coverage-area","definition":"https://build.fhir.org/ig/HL7/fhir-directory-query/SearchParameter-Restriction-coverage-area","type":"token"},{"extension":[{"url":"http://hl7.org/fhir/StructureDefinition/capabilitystatement-expectation","valueCode":"SHALL"}],"name":"owned=by","definition":"https://build.fhir.org/ig/HL7/fhir-directory-query/SearchParameter-Restriction-owned-by","type":"token"},{"extension":[{"url":"http://hl7.org/fhir/StructureDefinition/capabilitystatement-expectation","valueCode":"SHALL"}],"name":"administrated-by","definition":"https://build.fhir.org/ig/HL7/fhir-directory-query/SearchParameter-Restriction-administrated-by","type":"token"}]},{"type":"VerificationResult","supportedProfile":["https://build.fhir.org/ig/HL7/fhir-directory-query/StructureDefinition-NatlDirEndpointQry-Validation.html"],"_supportedProfile":[{"extension":[{"url":"http://hl7.org/fhir/StructureDefinition/capabilitystatement-expectation","valueCode":"MAY"}]}],"searchParam":[{"extension":[{"url":"http://hl7.org/fhir/StructureDefinition/capabilitystatement-expectation","valueCode":"SHALL"}],"name":"attestation-who","definition":"https://build.fhir.org/ig/HL7/fhir-directory-query/SearchParameter-Validation-attestation-who","type":"token"},{"extension":[{"url":"http://hl7.org/fhir/StructureDefinition/capabilitystatement-expectation","valueCode":"SHALL"}],"name":"primarysource-who","definition":"https://build.fhir.org/ig/HL7/fhir-directory-query/SearchParameter-Validation-primarysource-who","type":"token"},{"extension":[{"url":"http://hl7.org/fhir/StructureDefinition/capabilitystatement-expectation","valueCode":"SHALL"}],"name":"target","definition":"https://build.fhir.org/ig/HL7/fhir-directory-query/SearchParameter-Validation-target","type":"token"}]},{"type":"CareTeam","supportedProfile":["https://build.fhir.org/ig/HL7/fhir-directory-query/StructureDefinition-NatlDirEndpointQry-CareTeam.html"],"_supportedProfile":[{"extension":[{"url":"http://hl7.org/fhir/StructureDefinition/capabilitystatement-expectation","valueCode":"MAY"}]}],"searchParam":[{"extension":[{"url":"http://hl7.org/fhir/StructureDefinition/capabilitystatement-expectation","valueCode":"SHALL"}],"name":"endpoint","definition":"https://build.fhir.org/ig/HL7/fhir-directory-query/SearchParameter-CareTeam-endpoint","type":"token"},{"extension":[{"url":"http://hl7.org/fhir/StructureDefinition/capabilitystatement-expectation","valueCode":"SHALL"}],"name":"location","definition":"https://build.fhir.org/ig/HL7/fhir-directory-query/SearchParameter-CareTeam-location","type":"token"},{"extension":[{"url":"http://hl7.org/fhir/StructureDefinition/capabilitystatement-expectation","valueCode":"SHALL"}],"name":"name","definition":"https://build.fhir.org/ig/HL7/fhir-directory-query/SearchParameter-CareTeam-name","type":"token"},{"extension":[{"url":"http://hl7.org/fhir/StructureDefinition/capabilitystatement-expectation","valueCode":"SHALL"}],"name":"organization","definition":"https://build.fhir.org/ig/HL7/fhir-directory-query/SearchParameter-CareTeam-organization","type":"token"},{"extension":[{"url":"http://hl7.org/fhir/StructureDefinition/capabilitystatement-expectation","valueCode":"SHALL"}],"name":"service","definition":"https://build.fhir.org/ig/HL7/fhir-directory-query/SearchParameter-CareTeam-service","type":"token"},{"extension":[{"url":"http://hl7.org/fhir/StructureDefinition/capabilitystatement-expectation","valueCode":"SHALL"}],"name":"category","definition":"https://build.fhir.org/ig/HL7/fhir-directory-query/SearchParameter-CareTeam-category","type":"token"}]}]}]}