{"resourceType":"CodeSystem","id":"ConsentCS","text":{"status":"generated","div":"<div xmlns=\"http://www.w3.org/1999/xhtml\"><p>This code system http://hl7.org/fhir/us/fhir-directory-query/CodeSystem/ConsentCS defines the following codes:</p><table class=\"codes\"><tr><td style=\"white-space:nowrap\"><b>Code</b></td><td><b>Display</b></td><td><b>Definition</b></td></tr><tr><td style=\"white-space:nowrap\">protect<a name=\"ConsentCS-protect\"> </a></td><td>Protect</td><td>The data (or subset of data) provided should be only made available to the people, or types of people explicitly declared in the consent.</td></tr></table></div>"},"url":"http://hl7.org/fhir/us/fhir-directory-query/CodeSystem/ConsentCS","version":"0.1.0","name":"ConsentCS","title":"National Healthcare Directory Consent","status":"active","date":"2022-07-25T10:58:52-05:00","publisher":"HL7 Patient Administration Working Group","contact":[{"name":"HL7 Patient Administration Working Group","telecom":[{"system":"url","value":"https://www.hl7.org/Special/committees/pafm/index.cfm"},{"system":"email","value":"pafm@lists.HL7.org"}]}],"description":"Codes for use in defining access levels for sharing subsets of constrained content (as an example)","jurisdiction":[{"coding":[{"system":"urn:iso:std:iso:3166","code":"US"}]}],"caseSensitive":true,"content":"complete","count":1,"concept":[{"code":"protect","display":"Protect","definition":"The data (or subset of data) provided should be only made available to the people, or types of people explicitly declared in the consent."}]}