{"resourceType":"SearchParameter","id":"practitionerRole-location","url":"https://build.fhir.org/ig/HL7/fhir-directory-query/SearchParameter-practitionerRole-location.html","version":"0.1.0","name":"PractitionerRoleLocationSearchParameter","derivedFrom":"http://hl7.org/fhir/SearchParameter/Resource-id","status":"active","date":"2022-07-25T10:58:52-05:00","publisher":"HL7 Patient Administration Working Group","contact":[{"name":"HL7 Patient Administration Working Group","telecom":[{"system":"url","value":"https://www.hl7.org/Special/committees/pafm/index.cfm"},{"system":"email","value":"pafm@lists.HL7.org"}]}],"description":"This SearchParameter enables query of practitionerRole by `location` with `mutlipleOr` enabled.","jurisdiction":[{"coding":[{"system":"urn:iso:std:iso:3166","code":"US"}]}],"code":"location","base":["PractitionerRole"],"type":"token","multipleOr":true}