{"resourceType":"SearchParameter","id":"Endpoint-payload-type","url":"https://build.fhir.org/ig/HL7/fhir-directory-query/SearchParameter-endpoint-payload-type.html","version":"0.1.0","name":"NatlDirEndpointQryPayloadtype","status":"active","date":"2022-07-25T10:58:52-05:00","publisher":"HL7 Patient Administration Working Group","contact":[{"name":"HL7 Patient Administration Working Group","telecom":[{"system":"url","value":"https://www.hl7.org/Special/committees/pafm/index.cfm"},{"system":"email","value":"pafm@lists.HL7.org"}]}],"description":"Accesses the  payload-type of an Endpoint","jurisdiction":[{"coding":[{"system":"urn:iso:std:iso:3166","code":"US"}]}],"code":"payload-type","base":["Endpoint"],"type":"token","expression":"Endpoint.payload-type","multipleOr":true,"multipleAnd":true}