{"resourceType":"SearchParameter","id":"Location-physicalType","url":"https://build.fhir.org/ig/HL7/fhir-directory-query/SearchParameter-Location-physicalType.html","version":"0.1.0","name":"LocationPhysicalTypeSearchParameter","derivedFrom":"http://hl7.org/fhir/SearchParameter/Resource-id","status":"active","date":"2022-07-25T10:58:52-05:00","publisher":"HL7 Patient Administration Working Group","contact":[{"name":"HL7 Patient Administration Working Group","telecom":[{"system":"url","value":"https://www.hl7.org/Special/committees/pafm/index.cfm"},{"system":"email","value":"pafm@lists.HL7.org"}]}],"description":"This SearchParameter enables query of Location by `physicalType` with `mutlipleOr` enabled.","jurisdiction":[{"coding":[{"system":"urn:iso:std:iso:3166","code":"US"}]}],"code":"physicalType","base":["Location"],"type":"token","multipleOr":true}